Method,Dataset 1,Dataset 2,Dataset 3,Dataset 4,Dataset 5
wavelet,39.66312863,38.23685485,36.41845546,36.97607034,38.85241286
int_filter,43.09798932,39.75122825,38.96008414,37.69683236,44.90015498
