Alignment,Dataset 1,Dataset 2,Dataset 3,Dataset 4,Dataset 5
Max Amplitude Alignment,0.99915754,0.997915581,0.715466926,0.860122075,0.999038462
Max Derivative Alignment,0.99915754,0.993746743,0.673638132,0.932858596,0.949038462
No Alignment,1,0.998436686,0.832684825,0.905900305,0.997115385
