Method,Noise Level 1,Noise Level 2,Noise Level 3
wavelet,0.996452142,0.949038462,0.803248364
int_filter,0.999318218,0.999038462,0.847941514
