Alignment,Dataset 1,Dataset 2,Dataset 3,Dataset 4,Dataset 5
Max Amplitude Alignment,0.99915754,0.995310057,0.75,0.950152594,0.999038462
Max Derivative Alignment,0.99915754,0.999478895,0.754377432,0.941505595,0.999038462
No Alignment,0.99831508,0.994267848,0.780642023,0.936419125,0.999038462
